000000001,202501,20250101,00,,0930,1830,,,,, ,,,,,01,,100,,         ,,, , 
000000001,202501,20250102,00,,0930,1830,,,,, ,,,,,01,,100,,         ,,, , 
000000001,202501,20250103,00,,0930,1830,,,,, ,,,,,01,,100,,         ,,, , 
000000001,202501,20250104,00,,0930,1830,,,,, ,,,,,01,,100,,         ,,, , 
000000001,202501,20250105,00,,0930,1830,,,,, ,,,,,01,,100,,         ,,, , 
000000001,202501,20250106,00,,0930,1830,,,,, ,,,,,01,,100,,         ,,, , 
000000001,202501,20250107,00,,0930,1830,,,,, ,,,,,01,,100,,         ,,, , 
000000001,202501,20250108,00,,0930,1830,,,,, ,,,,,01,,100,,         ,,, , 
000000001,202501,20250109,00,,0930,1830,,,,, ,,,,,01,,100,,         ,,, , 
000000001,202501,20250110,00,,0930,1830,,,,, ,,,,,01,,100,,         ,,, , 
000000001,202501,20250111,00,,0930,1830,,,,, ,,,,,01,,100,,         ,,, , 
000000001,202501,20250112,00,,0930,1830,,,,, ,,,,,01,,100,,         ,,, , 
000000001,202501,20250113,00,,0930,1830,,,,, ,,,,,01,,100,,         ,,, , 
000000001,202501,20250114,00,,0930,1830,,,,, ,,,,,01,,100,,         ,,, , 
000000001,202501,20250115,00,,0930,1830,,,,, ,,,,,01,,100,,         ,,, , 
000000001,202501,20250116,00,,0930,1830,,,,, ,,,,,01,,100,,         ,,, , 
000000001,202501,20250117,00,,0930,1830,,,,, ,,,,,01,,100,,         ,,, , 
000000001,202501,20250118,00,,0930,1830,,,,, ,,,,,01,,100,,         ,,, , 
000000001,202501,20250119,00,,0930,1830,,,,, ,,,,,01,,100,,         ,,, , 
000000001,202501,20250120,00,,0930,1830,,,,, ,,,,,01,,100,,         ,,, , 
000000001,202501,20250121,00,,0930,1830,,,,, ,,,,,01,,100,,         ,,, , 
000000001,202501,20250122,00,,0930,1830,,,,, ,,,,,01,,100,,         ,,, , 
000000001,202501,20250123,00,,0930,1830,,,,, ,,,,,01,,100,,         ,,, , 
000000001,202501,20250124,00,,0930,1830,,,,, ,,,,,01,,100,,         ,,, , 
000000001,202501,20250125,00,,0930,1830,,,,, ,,,,,01,,100,,         ,,, , 
000000001,202501,20250126,00,,0930,1830,,,,, ,,,,,01,,100,,         ,,, , 
000000001,202501,20250127,00,,0930,1830,,,,, ,,,,,01,,100,,         ,,, , 
000000001,202501,20250128,00,,0930,1830,,,,, ,,,,,01,,100,,         ,,, , 
000000001,202501,20250129,00,,0930,1830,,,,, ,,,,,01,,100,,         ,,, , 
000000001,202501,20250130,00,,0930,1830,,,,, ,,,,,01,,100,,         ,,, , 
000000001,202501,20250131,00,,0930,1830,,,,, ,,,,,01,,100,,         ,,, , 
000000001,202502,20250201,00,,0930,1830,,,,, ,,,,,01,,100,,         ,,, , 
000000001,202502,20250202,00,,0930,1830,,,,, ,,,,,01,,100,,         ,,, , 
000000001,202502,20250203,00,,0930,1830,,,,, ,,,,,01,,100,,         ,,, , 
000000001,202502,20250204,00,,0930,1830,,,,, ,,,,,01,,100,,         ,,, , 
000000001,202502,20250205,00,,0930,1830,,,,, ,,,,,01,,100,,         ,,, , 
000000001,202502,20250206,00,,0930,1830,,,,, ,,,,,01,,100,,         ,,, , 
000000001,202502,20250207,00,,0930,1830,,,,, ,,,,,01,,100,,         ,,, , 
000000001,202502,20250208,00,,0930,1830,,,,, ,,,,,01,,100,,         ,,, , 
000000001,202502,20250209,00,,0930,1830,,,,, ,,,,,01,,100,,         ,,, , 
000000001,202502,20250210,00,,0930,1830,,,,, ,,,,,01,,100,,         ,,, , 
000000001,202502,20250211,00,,0930,1830,,,,, ,,,,,01,,100,,         ,,, , 
000000001,202502,20250212,00,,0930,1830,,,,, ,,,,,01,,100,,         ,,, , 
000000001,202502,20250213,00,,0930,1830,,,,, ,,,,,01,,100,,         ,,, , 
000000001,202502,20250214,00,,0930,1830,,,,, ,,,,,01,,100,,         ,,, , 
000000001,202502,20250215,00,,0930,1830,,,,, ,,,,,01,,100,,         ,,, , 
000000001,202502,20250216,00,,0930,1830,,,,, ,,,,,01,,100,,         ,,, , 
000000001,202502,20250217,00,,0930,1830,,,,, ,,,,,01,,100,,         ,,, , 
000000001,202502,20250218,00,,0930,1830,,,,, ,,,,,01,,100,,         ,,, , 
000000001,202502,20250219,00,,0930,1830,,,,, ,,,,,01,,100,,         ,,, , 
000000001,202502,20250220,00,,0930,1830,,,,, ,,,,,01,,100,,         ,,, , 
000000001,202502,20250221,00,,0930,1830,,,,, ,,,,,01,,100,,         ,,, , 
000000001,202502,20250222,00,,0930,1830,,,,, ,,,,,01,,100,,         ,,, , 
000000001,202502,20250223,00,,0930,1830,,,,, ,,,,,01,,100,,         ,,, , 
000000001,202502,20250224,00,,0930,1830,,,,, ,,,,,01,,100,,         ,,, , 
000000001,202502,20250225,00,,0930,1830,,,,, ,,,,,01,,100,,         ,,, , 
000000001,202502,20250226,00,,0930,1830,,,,, ,,,,,01,,100,,         ,,, , 
000000001,202502,20250227,00,,0930,1830,,,,, ,,,,,01,,100,,         ,,, , 
000000001,202502,20250228,00,,0930,1830,,,,, ,,,,,01,,100,,         ,,, , 
000000002,202501,20250101,00,,0930,1830,,,,, ,,,,,01,,100,,         ,,, , 
000000002,202501,20250102,00,,0930,1830,,,,, ,,,,,01,,100,,         ,,, , 
000000002,202501,20250103,00,,0930,1830,,,,, ,,,,,01,,100,,         ,,, , 
000000002,202501,20250104,00,,0930,1830,,,,, ,,,,,01,,100,,         ,,, , 
000000002,202501,20250105,00,,0930,1830,,,,, ,,,,,01,,100,,         ,,, , 
000000002,202501,20250106,00,,0930,1830,,,,, ,,,,,01,,100,,         ,,, , 
000000002,202501,20250107,00,,0930,1830,,,,, ,,,,,01,,100,,         ,,, , 
000000002,202501,20250108,00,,0930,1830,,,,, ,,,,,01,,100,,         ,,, , 
000000002,202501,20250109,00,,0930,1830,,,,, ,,,,,01,,100,,         ,,, , 
000000002,202501,20250110,00,,0930,1830,,,,, ,,,,,01,,100,,         ,,, , 
000000002,202501,20250111,00,,0930,1830,,,,, ,,,,,01,,100,,         ,,, , 
000000002,202501,20250112,00,,0930,1830,,,,, ,,,,,01,,100,,         ,,, , 
000000002,202501,20250113,00,,0930,1830,,,,, ,,,,,01,,100,,         ,,, , 
000000002,202501,20250114,00,,0930,1830,,,,, ,,,,,01,,100,,         ,,, , 
000000002,202501,20250115,00,,0930,1830,,,,, ,,,,,01,,100,,         ,,, , 
000000002,202501,20250116,00,,0930,1830,,,,, ,,,,,01,,100,,         ,,, , 
000000002,202501,20250117,00,,0930,1830,,,,, ,,,,,01,,100,,         ,,, , 
000000002,202501,20250118,00,,0930,1830,,,,, ,,,,,01,,100,,         ,,, , 
000000002,202501,20250119,00,,0930,1830,,,,, ,,,,,01,,100,,         ,,, , 
000000002,202501,20250120,00,,0930,1830,,,,, ,,,,,01,,100,,         ,,, , 
000000002,202501,20250121,00,,0930,1830,,,,, ,,,,,01,,100,,         ,,, , 
000000002,202501,20250122,00,,0930,1830,,,,, ,,,,,01,,100,,         ,,, , 
000000002,202501,20250123,00,,0930,1830,,,,, ,,,,,01,,100,,         ,,, , 
000000002,202501,20250124,00,,0930,1830,,,,, ,,,,,01,,100,,         ,,, , 
000000002,202501,20250125,00,,0930,1830,,,,, ,,,,,01,,100,,         ,,, , 
000000002,202501,20250126,00,,0930,1830,,,,, ,,,,,01,,100,,         ,,, , 
000000002,202501,20250127,00,,0930,1830,,,,, ,,,,,01,,100,,         ,,, , 
000000002,202501,20250128,00,,0930,1830,,,,, ,,,,,01,,100,,         ,,, , 
000000002,202501,20250129,00,,0930,1830,,,,, ,,,,,01,,100,,         ,,, , 
000000002,202501,20250130,00,,0930,1830,,,,, ,,,,,01,,100,,         ,,, , 
000000002,202501,20250131,00,,0930,1830,,,,, ,,,,,01,,100,,         ,,, , 
000000002,202502,20250201,00,,0930,1830,,,,, ,,,,,01,,100,,         ,,, , 
000000002,202502,20250202,00,,0930,1830,,,,, ,,,,,01,,100,,         ,,, , 
000000002,202502,20250203,00,,0930,1830,,,,, ,,,,,01,,100,,         ,,, , 
000000002,202502,20250204,00,,0930,1830,,,,, ,,,,,01,,100,,         ,,, , 
000000002,202502,20250205,00,,0930,1830,,,,, ,,,,,01,,100,,         ,,, , 
000000002,202502,20250206,00,,0930,1830,,,,, ,,,,,01,,100,,         ,,, , 
000000002,202502,20250207,00,,0930,1830,,,,, ,,,,,01,,100,,         ,,, , 
000000002,202502,20250208,00,,0930,1830,,,,, ,,,,,01,,100,,         ,,, , 
000000002,202502,20250209,00,,0930,1830,,,,, ,,,,,01,,100,,         ,,, , 
000000002,202502,20250210,00,,0930,1830,,,,, ,,,,,01,,100,,         ,,, , 
000000002,202502,20250211,00,,0930,1830,,,,, ,,,,,01,,100,,         ,,, , 
000000002,202502,20250212,00,,0930,1830,,,,, ,,,,,01,,100,,         ,,, , 
000000002,202502,20250213,00,,0930,1830,,,,, ,,,,,01,,100,,         ,,, , 
000000002,202502,20250214,00,,0930,1830,,,,, ,,,,,01,,100,,         ,,, , 
000000002,202502,20250215,00,,0930,1830,,,,, ,,,,,01,,100,,         ,,, , 
000000002,202502,20250216,00,,0930,1830,,,,, ,,,,,01,,100,,         ,,, , 
000000002,202502,20250217,00,,0930,1830,,,,, ,,,,,01,,100,,         ,,, , 
000000002,202502,20250218,00,,0930,1830,,,,, ,,,,,01,,100,,         ,,, , 
000000002,202502,20250219,00,,0930,1830,,,,, ,,,,,01,,100,,         ,,, , 
000000002,202502,20250220,00,,0930,1830,,,,, ,,,,,01,,100,,         ,,, , 
000000002,202502,20250221,00,,0930,1830,,,,, ,,,,,01,,100,,         ,,, , 
000000002,202502,20250222,00,,0930,1830,,,,, ,,,,,01,,100,,         ,,, , 
000000002,202502,20250223,00,,0930,1830,,,,, ,,,,,01,,100,,         ,,, , 
000000002,202502,20250224,00,,0930,1830,,,,, ,,,,,01,,100,,         ,,, , 
000000002,202502,20250225,00,,0930,1830,,,,, ,,,,,01,,100,,         ,,, , 
000000002,202502,20250226,00,,0930,1830,,,,, ,,,,,01,,100,,         ,,, , 
000000002,202502,20250227,00,,0930,1830,,,,, ,,,,,01,,100,,         ,,, , 
000000002,202502,20250228,00,,0930,1830,,,,, ,,,,,01,,100,,         ,,, , 
000000003,202501,20250101,00,,0930,1830,,,,, ,,,,,01,,100,,         ,,, , 
000000003,202501,20250102,00,,0930,1830,,,,, ,,,,,01,,100,,         ,,, , 
000000003,202501,20250103,00,,0930,1830,,,,, ,,,,,01,,100,,         ,,, , 
000000003,202501,20250104,00,,0930,1830,,,,, ,,,,,01,,100,,         ,,, , 
000000003,202501,20250105,00,,0930,1830,,,,, ,,,,,01,,100,,         ,,, , 
000000003,202501,20250106,00,,0930,1830,,,,, ,,,,,01,,100,,         ,,, , 
000000003,202501,20250107,00,,0930,1830,,,,, ,,,,,01,,100,,         ,,, , 
000000003,202501,20250108,00,,0930,1830,,,,, ,,,,,01,,100,,         ,,, , 
000000003,202501,20250109,00,,0930,1830,,,,, ,,,,,01,,100,,         ,,, , 
000000003,202501,20250110,00,,0930,1830,,,,, ,,,,,01,,100,,         ,,, , 
000000003,202501,20250111,00,,0930,1830,,,,, ,,,,,01,,100,,         ,,, , 
000000003,202501,20250112,00,,0930,1830,,,,, ,,,,,01,,100,,         ,,, , 
000000003,202501,20250113,00,,0930,1830,,,,, ,,,,,01,,100,,         ,,, , 
000000003,202501,20250114,00,,0930,1830,,,,, ,,,,,01,,100,,         ,,, , 
000000003,202501,20250115,00,,0930,1830,,,,, ,,,,,01,,100,,         ,,, , 
000000003,202501,20250116,00,,0930,1830,,,,, ,,,,,01,,100,,         ,,, , 
000000003,202501,20250117,00,,0930,1830,,,,, ,,,,,01,,100,,         ,,, , 
000000003,202501,20250118,00,,0930,1830,,,,, ,,,,,01,,100,,         ,,, , 
000000003,202501,20250119,00,,0930,1830,,,,, ,,,,,01,,100,,         ,,, , 
000000003,202501,20250120,00,,0930,1830,,,,, ,,,,,01,,100,,         ,,, , 
000000003,202501,20250121,00,,0930,1830,,,,, ,,,,,01,,100,,         ,,, , 
000000003,202501,20250122,00,,0930,1830,,,,, ,,,,,01,,100,,         ,,, , 
000000003,202501,20250123,00,,0930,1830,,,,, ,,,,,01,,100,,         ,,, , 
000000003,202501,20250124,00,,0930,1830,,,,, ,,,,,01,,100,,         ,,, , 
000000003,202501,20250125,00,,0930,1830,,,,, ,,,,,01,,100,,         ,,, , 
000000003,202501,20250126,00,,0930,1830,,,,, ,,,,,01,,100,,         ,,, , 
000000003,202501,20250127,00,,0930,1830,,,,, ,,,,,01,,100,,         ,,, , 
000000003,202501,20250128,00,,0930,1830,,,,, ,,,,,01,,100,,         ,,, , 
000000003,202501,20250129,00,,0930,1830,,,,, ,,,,,01,,100,,         ,,, , 
000000003,202501,20250130,00,,0930,1830,,,,, ,,,,,01,,100,,         ,,, , 
000000003,202501,20250131,00,,0930,1830,,,,, ,,,,,01,,100,,         ,,, , 
000000003,202502,20250201,00,,0930,1830,,,,, ,,,,,01,,100,,         ,,, , 
000000003,202502,20250202,00,,0930,1830,,,,, ,,,,,01,,100,,         ,,, , 
000000003,202502,20250203,00,,0930,1830,,,,, ,,,,,01,,100,,         ,,, , 
000000003,202502,20250204,00,,0930,1830,,,,, ,,,,,01,,100,,         ,,, , 
000000003,202502,20250205,00,,0930,1830,,,,, ,,,,,01,,100,,         ,,, , 
000000003,202502,20250206,00,,0930,1830,,,,, ,,,,,01,,100,,         ,,, , 
000000003,202502,20250207,00,,0930,1830,,,,, ,,,,,01,,100,,         ,,, , 
000000003,202502,20250208,00,,0930,1830,,,,, ,,,,,01,,100,,         ,,, , 
000000003,202502,20250209,00,,0930,1830,,,,, ,,,,,01,,100,,         ,,, , 
000000003,202502,20250210,00,,0930,1830,,,,, ,,,,,01,,100,,         ,,, , 
000000003,202502,20250211,00,,0930,1830,,,,, ,,,,,01,,100,,         ,,, , 
000000003,202502,20250212,00,,0930,1830,,,,, ,,,,,01,,100,,         ,,, , 
000000003,202502,20250213,00,,0930,1830,,,,, ,,,,,01,,100,,         ,,, , 
000000003,202502,20250214,00,,0930,1830,,,,, ,,,,,01,,100,,         ,,, , 
000000003,202502,20250215,00,,0930,1830,,,,, ,,,,,01,,100,,         ,,, , 
000000003,202502,20250216,00,,0930,1830,,,,, ,,,,,01,,100,,         ,,, , 
000000003,202502,20250217,00,,0930,1830,,,,, ,,,,,01,,100,,         ,,, , 
000000003,202502,20250218,00,,0930,1830,,,,, ,,,,,01,,100,,         ,,, , 
000000003,202502,20250219,00,,0930,1830,,,,, ,,,,,01,,100,,         ,,, , 
000000003,202502,20250220,00,,0930,1830,,,,, ,,,,,01,,100,,         ,,, , 
000000003,202502,20250221,00,,0930,1830,,,,, ,,,,,01,,100,,         ,,, , 
000000003,202502,20250222,00,,0930,1830,,,,, ,,,,,01,,100,,         ,,, , 
000000003,202502,20250223,00,,0930,1830,,,,, ,,,,,01,,100,,         ,,, , 
000000003,202502,20250224,00,,0930,1830,,,,, ,,,,,01,,100,,         ,,, , 
000000003,202502,20250225,00,,0930,1830,,,,, ,,,,,01,,100,,         ,,, , 
000000003,202502,20250226,00,,0930,1830,,,,, ,,,,,01,,100,,         ,,, , 
000000003,202502,20250227,00,,0930,1830,,,,, ,,,,,01,,100,,         ,,, , 
000000003,202502,20250228,00,,0930,1830,,,,, ,,,,,01,,100,,         ,,, , 
000000001,202503,20250301,00,,0930,1830,,,,, ,,,,,01,,100,,         ,,, , 
000000001,202503,20250302,00,,0930,1830,,,,, ,,,,,01,,100,,         ,,, , 
000000001,202503,20250303,00,,0930,1830,,,,, ,,,,,01,,100,,         ,,, , 
000000001,202503,20250304,00,,0930,1830,,,,, ,,,,,01,,100,,         ,,, , 
000000001,202503,20250305,00,,0930,1830,,,,, ,,,,,01,,100,,         ,,, , 
000000001,202503,20250306,00,,0930,1830,,,,, ,,,,,01,,100,,         ,,, , 
000000001,202503,20250307,00,,0930,1830,,,,, ,,,,,01,,100,,         ,,, , 
000000001,202503,20250308,00,,0930,1830,,,,, ,,,,,01,,100,,         ,,, , 
000000001,202503,20250309,00,,0930,1830,,,,, ,,,,,01,,100,,         ,,, , 
000000001,202503,20250310,00,,0930,1830,,,,, ,,,,,01,,100,,         ,,, , 
000000001,202503,20250311,00,,0930,1830,,,,, ,,,,,01,,100,,         ,,, , 
000000001,202503,20250312,00,,0930,1830,,,,, ,,,,,01,,100,,         ,,, , 
000000001,202503,20250313,00,,0930,1830,,,,, ,,,,,01,,100,,         ,,, , 
000000001,202503,20250314,00,,0930,1830,,,,, ,,,,,01,,100,,         ,,, , 
000000001,202503,20250315,00,,0930,1830,,,,, ,,,,,01,,100,,         ,,, , 
000000001,202503,20250316,00,,0930,1830,,,,, ,,,,,01,,100,,         ,,, , 
000000001,202503,20250317,00,,0930,1830,,,,, ,,,,,01,,100,,         ,,, , 
000000001,202503,20250318,00,,0930,1830,,,,, ,,,,,01,,100,,         ,,, , 
000000001,202503,20250319,00,,0930,1830,,,,, ,,,,,01,,100,,         ,,, , 
000000001,202503,20250320,00,,0930,1830,,,,, ,,,,,01,,100,,         ,,, , 
000000001,202503,20250321,00,,0930,1830,,,,, ,,,,,01,,100,,         ,,, , 
000000001,202503,20250322,00,,0930,1830,,,,, ,,,,,01,,100,,         ,,, , 
000000001,202503,20250323,00,,0930,1830,,,,, ,,,,,01,,100,,         ,,, , 
000000001,202503,20250324,00,,0930,1830,,,,, ,,,,,01,,100,,         ,,, , 
000000001,202503,20250325,00,,0930,1830,,,,, ,,,,,01,,100,,         ,,, , 
000000001,202503,20250326,00,,0930,1830,,,,, ,,,,,01,,100,,         ,,, , 
000000001,202503,20250327,00,,0930,1830,,,,, ,,,,,01,,100,,         ,,, , 
000000001,202503,20250328,00,,0930,1830,,,,, ,,,,,01,,100,,         ,,, , 
000000001,202503,20250329,00,,0930,1830,,,,, ,,,,,01,,100,,         ,,, , 
000000001,202503,20250330,00,,0930,1830,,,,, ,,,,,01,,100,,         ,,, , 
000000001,202503,20250331,00,,0930,1830,,,,, ,,,,,01,,100,,         ,,, , 
000000001,202504,20250401,00,,0930,1830,,,,, ,,,,,01,,100,,         ,,, , 
000000001,202504,20250402,00,,0930,1830,,,,, ,,,,,01,,100,,         ,,, , 
000000001,202504,20250403,00,,0930,1830,,,,, ,,,,,01,,100,,         ,,, , 
000000001,202504,20250404,00,,0930,1830,,,,, ,,,,,01,,100,,         ,,, , 
000000001,202504,20250405,00,,0930,1830,,,,, ,,,,,01,,100,,         ,,, , 
000000001,202504,20250406,00,,0930,1830,,,,, ,,,,,01,,100,,         ,,, , 
000000001,202504,20250407,00,,0930,1830,,,,, ,,,,,01,,100,,         ,,, , 
000000001,202504,20250408,00,,0930,1830,,,,, ,,,,,01,,100,,         ,,, , 
000000001,202504,20250409,00,,0930,1830,,,,, ,,,,,01,,100,,         ,,, , 
000000001,202504,20250410,00,,0930,1830,,,,, ,,,,,01,,100,,         ,,, , 
000000001,202504,20250411,00,,0930,1830,,,,, ,,,,,01,,100,,         ,,, , 
000000001,202504,20250412,00,,0930,1830,,,,, ,,,,,01,,100,,         ,,, , 
000000001,202504,20250413,00,,0930,1830,,,,, ,,,,,01,,100,,         ,,, , 
000000001,202504,20250414,00,,0930,1830,,,,, ,,,,,01,,100,,         ,,, , 
000000001,202504,20250415,00,,0930,1830,,,,, ,,,,,01,,100,,         ,,, , 
000000001,202504,20250416,00,,0930,1830,,,,, ,,,,,01,,100,,         ,,, , 
000000001,202504,20250417,00,,0930,1830,,,,, ,,,,,01,,100,,         ,,, , 
000000001,202504,20250418,00,,0930,1830,,,,, ,,,,,01,,100,,         ,,, , 
000000001,202504,20250419,00,,0930,1830,,,,, ,,,,,01,,100,,         ,,, , 
000000001,202504,20250420,00,,0930,1830,,,,, ,,,,,01,,100,,         ,,, , 
000000001,202504,20250421,00,,0930,1830,,,,, ,,,,,01,,100,,         ,,, , 
000000001,202504,20250422,00,,0930,1830,,,,, ,,,,,01,,100,,         ,,, , 
000000001,202504,20250423,00,,0930,1830,,,,, ,,,,,01,,100,,         ,,, , 
000000001,202504,20250424,00,,0930,1830,,,,, ,,,,,01,,100,,         ,,, , 
000000001,202504,20250425,00,,0930,1830,,,,, ,,,,,01,,100,,         ,,, , 
000000001,202504,20250426,00,,0930,1830,,,,, ,,,,,01,,100,,         ,,, , 
000000001,202504,20250427,00,,0930,1830,,,,, ,,,,,01,,100,,         ,,, , 
000000001,202504,20250428,00,,0930,1830,,,,, ,,,,,01,,100,,         ,,, , 
000000002,202503,20250301,00,,0930,1830,,,,, ,,,,,01,,100,,         ,,, , 
000000002,202503,20250302,00,,0930,1830,,,,, ,,,,,01,,100,,         ,,, , 
000000002,202503,20250303,00,,0930,1830,,,,, ,,,,,01,,100,,         ,,, , 
000000002,202503,20250304,00,,0930,1830,,,,, ,,,,,01,,100,,         ,,, , 
000000002,202503,20250305,00,,0930,1830,,,,, ,,,,,01,,100,,         ,,, , 
000000002,202503,20250306,00,,0930,1830,,,,, ,,,,,01,,100,,         ,,, , 
000000002,202503,20250307,00,,0930,1830,,,,, ,,,,,01,,100,,         ,,, , 
000000002,202503,20250308,00,,0930,1830,,,,, ,,,,,01,,100,,         ,,, , 
000000002,202503,20250309,00,,0930,1830,,,,, ,,,,,01,,100,,         ,,, , 
000000002,202503,20250310,00,,0930,1830,,,,, ,,,,,01,,100,,         ,,, , 
000000002,202503,20250311,00,,0930,1830,,,,, ,,,,,01,,100,,         ,,, , 
000000002,202503,20250312,00,,0930,1830,,,,, ,,,,,01,,100,,         ,,, , 
000000002,202503,20250313,00,,0930,1830,,,,, ,,,,,01,,100,,         ,,, , 
000000002,202503,20250314,00,,0930,1830,,,,, ,,,,,01,,100,,         ,,, , 
000000002,202503,20250315,00,,0930,1830,,,,, ,,,,,01,,100,,         ,,, , 
000000002,202503,20250316,00,,0930,1830,,,,, ,,,,,01,,100,,         ,,, , 
000000002,202503,20250317,00,,0930,1830,,,,, ,,,,,01,,100,,         ,,, , 
000000002,202503,20250318,00,,0930,1830,,,,, ,,,,,01,,100,,         ,,, , 
000000002,202503,20250319,00,,0930,1830,,,,, ,,,,,01,,100,,         ,,, , 
000000002,202503,20250320,00,,0930,1830,,,,, ,,,,,01,,100,,         ,,, , 
000000002,202503,20250321,00,,0930,1830,,,,, ,,,,,01,,100,,         ,,, , 
000000002,202503,20250322,00,,0930,1830,,,,, ,,,,,01,,100,,         ,,, , 
000000002,202503,20250323,00,,0930,1830,,,,, ,,,,,01,,100,,         ,,, , 
000000002,202503,20250324,00,,0930,1830,,,,, ,,,,,01,,100,,         ,,, , 
000000002,202503,20250325,00,,0930,1830,,,,, ,,,,,01,,100,,         ,,, , 
000000002,202503,20250326,00,,0930,1830,,,,, ,,,,,01,,100,,         ,,, , 
000000002,202503,20250327,00,,0930,1830,,,,, ,,,,,01,,100,,         ,,, , 
000000002,202503,20250328,00,,0930,1830,,,,, ,,,,,01,,100,,         ,,, , 
000000002,202503,20250329,00,,0930,1830,,,,, ,,,,,01,,100,,         ,,, , 
000000002,202503,20250330,00,,0930,1830,,,,, ,,,,,01,,100,,         ,,, , 
000000002,202503,20250331,00,,0930,1830,,,,, ,,,,,01,,100,,         ,,, , 
000000002,202504,20250401,00,,0930,1830,,,,, ,,,,,01,,100,,         ,,, , 
000000002,202504,20250402,00,,0930,1830,,,,, ,,,,,01,,100,,         ,,, , 
000000002,202504,20250403,00,,0930,1830,,,,, ,,,,,01,,100,,         ,,, , 
000000002,202504,20250404,00,,0930,1830,,,,, ,,,,,01,,100,,         ,,, , 
000000002,202504,20250405,00,,0930,1830,,,,, ,,,,,01,,100,,         ,,, , 
000000002,202504,20250406,00,,0930,1830,,,,, ,,,,,01,,100,,         ,,, , 
000000002,202504,20250407,00,,0930,1830,,,,, ,,,,,01,,100,,         ,,, , 
000000002,202504,20250408,00,,0930,1830,,,,, ,,,,,01,,100,,         ,,, , 
000000002,202504,20250409,00,,0930,1830,,,,, ,,,,,01,,100,,         ,,, , 
000000002,202504,20250410,00,,0930,1830,,,,, ,,,,,01,,100,,         ,,, , 
000000002,202504,20250411,00,,0930,1830,,,,, ,,,,,01,,100,,         ,,, , 
000000002,202504,20250412,00,,0930,1830,,,,, ,,,,,01,,100,,         ,,, , 
000000002,202504,20250413,00,,0930,1830,,,,, ,,,,,01,,100,,         ,,, , 
000000002,202504,20250414,00,,0930,1830,,,,, ,,,,,01,,100,,         ,,, , 
000000002,202504,20250415,00,,0930,1830,,,,, ,,,,,01,,100,,         ,,, , 
000000002,202504,20250416,00,,0930,1830,,,,, ,,,,,01,,100,,         ,,, , 
000000002,202504,20250417,00,,0930,1830,,,,, ,,,,,01,,100,,         ,,, , 
000000002,202504,20250418,00,,0930,1830,,,,, ,,,,,01,,100,,         ,,, , 
000000002,202504,20250419,00,,0930,1830,,,,, ,,,,,01,,100,,         ,,, , 
000000002,202504,20250420,00,,0930,1830,,,,, ,,,,,01,,100,,         ,,, , 
000000002,202504,20250421,00,,0930,1830,,,,, ,,,,,01,,100,,         ,,, , 
000000002,202504,20250422,00,,0930,1830,,,,, ,,,,,01,,100,,         ,,, , 
000000002,202504,20250423,00,,0930,1830,,,,, ,,,,,01,,100,,         ,,, , 
000000002,202504,20250424,00,,0930,1830,,,,, ,,,,,01,,100,,         ,,, , 
000000002,202504,20250425,00,,0930,1830,,,,, ,,,,,01,,100,,         ,,, , 
000000002,202504,20250426,00,,0930,1830,,,,, ,,,,,01,,100,,         ,,, , 
000000002,202504,20250427,00,,0930,1830,,,,, ,,,,,01,,100,,         ,,, , 
000000002,202504,20250428,00,,0930,1830,,,,, ,,,,,01,,100,,         ,,, , 
000000003,202503,20250301,00,,0930,1830,,,,, ,,,,,01,,100,,         ,,, , 
000000003,202503,20250302,00,,0930,1830,,,,, ,,,,,01,,100,,         ,,, , 
000000003,202503,20250303,00,,0930,1830,,,,, ,,,,,01,,100,,         ,,, , 
000000003,202503,20250304,00,,0930,1830,,,,, ,,,,,01,,100,,         ,,, , 
000000003,202503,20250305,00,,0930,1830,,,,, ,,,,,01,,100,,         ,,, , 
000000003,202503,20250306,00,,0930,1830,,,,, ,,,,,01,,100,,         ,,, , 
000000003,202503,20250307,00,,0930,1830,,,,, ,,,,,01,,100,,         ,,, , 
000000003,202503,20250308,00,,0930,1830,,,,, ,,,,,01,,100,,         ,,, , 
000000003,202503,20250309,00,,0930,1830,,,,, ,,,,,01,,100,,         ,,, , 
000000003,202503,20250310,00,,0930,1830,,,,, ,,,,,01,,100,,         ,,, , 
000000003,202503,20250311,00,,0930,1830,,,,, ,,,,,01,,100,,         ,,, , 
000000003,202503,20250312,00,,0930,1830,,,,, ,,,,,01,,100,,         ,,, , 
000000003,202503,20250313,00,,0930,1830,,,,, ,,,,,01,,100,,         ,,, , 
000000003,202503,20250314,00,,0930,1830,,,,, ,,,,,01,,100,,         ,,, , 
000000003,202503,20250315,00,,0930,1830,,,,, ,,,,,01,,100,,         ,,, , 
000000003,202503,20250316,00,,0930,1830,,,,, ,,,,,01,,100,,         ,,, , 
000000003,202503,20250317,00,,0930,1830,,,,, ,,,,,01,,100,,         ,,, , 
000000003,202503,20250318,00,,0930,1830,,,,, ,,,,,01,,100,,         ,,, , 
000000003,202503,20250319,00,,0930,1830,,,,, ,,,,,01,,100,,         ,,, , 
000000003,202503,20250320,00,,0930,1830,,,,, ,,,,,01,,100,,         ,,, , 
000000003,202503,20250321,00,,0930,1830,,,,, ,,,,,01,,100,,         ,,, , 
000000003,202503,20250322,00,,0930,1830,,,,, ,,,,,01,,100,,         ,,, , 
000000003,202503,20250323,00,,0930,1830,,,,, ,,,,,01,,100,,         ,,, , 
000000003,202503,20250324,00,,0930,1830,,,,, ,,,,,01,,100,,         ,,, , 
000000003,202503,20250325,00,,0930,1830,,,,, ,,,,,01,,100,,         ,,, , 
000000003,202503,20250326,00,,0930,1830,,,,, ,,,,,01,,100,,         ,,, , 
000000003,202503,20250327,00,,0930,1830,,,,, ,,,,,01,,100,,         ,,, , 
000000003,202503,20250328,00,,0930,1830,,,,, ,,,,,01,,100,,         ,,, , 
000000003,202503,20250329,00,,0930,1830,,,,, ,,,,,01,,100,,         ,,, , 
000000003,202503,20250330,00,,0930,1830,,,,, ,,,,,01,,100,,         ,,, , 
000000003,202503,20250331,00,,0930,1830,,,,, ,,,,,01,,100,,         ,,, , 
000000003,202504,20250401,00,,0930,1830,,,,, ,,,,,01,,100,,         ,,, , 
000000003,202504,20250402,00,,0930,1830,,,,, ,,,,,01,,100,,         ,,, , 
000000003,202504,20250403,00,,0930,1830,,,,, ,,,,,01,,100,,         ,,, , 
000000003,202504,20250404,00,,0930,1830,,,,, ,,,,,01,,100,,         ,,, , 
000000003,202504,20250405,00,,0930,1830,,,,, ,,,,,01,,100,,         ,,, , 
000000003,202504,20250406,00,,0930,1830,,,,, ,,,,,01,,100,,         ,,, , 
000000003,202504,20250407,00,,0930,1830,,,,, ,,,,,01,,100,,         ,,, , 
000000003,202504,20250408,00,,0930,1830,,,,, ,,,,,01,,100,,         ,,, , 
000000003,202504,20250409,00,,0930,1830,,,,, ,,,,,01,,100,,         ,,, , 
000000003,202504,20250410,00,,0930,1830,,,,, ,,,,,01,,100,,         ,,, , 
000000003,202504,20250411,00,,0930,1830,,,,, ,,,,,01,,100,,         ,,, , 
000000003,202504,20250412,00,,0930,1830,,,,, ,,,,,01,,100,,         ,,, , 
000000003,202504,20250413,00,,0930,1830,,,,, ,,,,,01,,100,,         ,,, , 
000000003,202504,20250414,00,,0930,1830,,,,, ,,,,,01,,100,,         ,,, , 
000000003,202504,20250415,00,,0930,1830,,,,, ,,,,,01,,100,,         ,,, , 
000000003,202504,20250416,00,,0930,1830,,,,, ,,,,,01,,100,,         ,,, , 
000000003,202504,20250417,00,,0930,1830,,,,, ,,,,,01,,100,,         ,,, , 
000000003,202504,20250418,00,,0930,1830,,,,, ,,,,,01,,100,,         ,,, , 
000000003,202504,20250419,00,,0930,1830,,,,, ,,,,,01,,100,,         ,,, , 
000000003,202504,20250420,00,,0930,1830,,,,, ,,,,,01,,100,,         ,,, , 
000000003,202504,20250421,00,,0930,1830,,,,, ,,,,,01,,100,,         ,,, , 
000000003,202504,20250422,00,,0930,1830,,,,, ,,,,,01,,100,,         ,,, , 
000000003,202504,20250423,00,,0930,1830,,,,, ,,,,,01,,100,,         ,,, , 
000000003,202504,20250424,00,,0930,1830,,,,, ,,,,,01,,100,,         ,,, , 
000000003,202504,20250425,00,,0930,1830,,,,, ,,,,,01,,100,,         ,,, , 
000000003,202504,20250426,00,,0930,1830,,,,, ,,,,,01,,100,,         ,,, , 
000000003,202504,20250427,00,,0930,1830,,,,, ,,,,,01,,100,,         ,,, , 
000000003,202504,20250428,00,,0930,1830,,,,, ,,,,,01,,100,,         ,,, , 
